candidate_label,family,target_role,base_instance_id,variant,repeat_id,wc1_search_ok,wc3_search_ok,wc1_candidate_search_ok,wc1_target_role,wc1_family,wc1_adapter_cached_decisions_delta_candidate,wc1_adapter_cached_conflicts_delta_candidate,wc1_adapter_cached_final_cpu_delta_candidate,wc3_candidate_search_ok,wc3_target_role,wc3_family,wc3_adapter_cached_decisions_delta_candidate,wc3_adapter_cached_conflicts_delta_candidate,wc3_adapter_cached_final_cpu_delta_candidate
iter=115,complete_coloring,hard_negative,k10_color9,base,0,True,False,True,hard_negative,complete_coloring,-44476.0,-40960.0,-0.7855600000000003,False,hard_negative,complete_coloring,8845.0,11780.0,-1.2569199999999991
iter=115,complete_coloring,hard_negative,k10_color9,base,1,True,False,True,hard_negative,complete_coloring,-44476.0,-40960.0,-1.10648,False,hard_negative,complete_coloring,8845.0,11780.0,-1.2538700000000005
iter=115,complete_coloring,hard_negative,k10_color9,base,2,True,False,True,hard_negative,complete_coloring,-44476.0,-40960.0,-0.7570000000000001,False,hard_negative,complete_coloring,8845.0,11780.0,0.0495700000000001
iter=115,complete_coloring,other,k8_color7,perm_seed1731,0,False,True,False,other,complete_coloring,116.0,46.0,-0.02744,True,other,complete_coloring,-54.0,-5.0,-0.0253159999999999
iter=115,complete_coloring,other,k8_color7,perm_seed1731,1,False,True,False,other,complete_coloring,116.0,46.0,-0.011482,True,other,complete_coloring,-54.0,-5.0,-0.0137079999999999
iter=115,complete_coloring,other,k8_color7,perm_seed1731,2,False,True,False,other,complete_coloring,116.0,46.0,-0.018289,True,other,complete_coloring,-54.0,-5.0,-0.010534
iter=115,php,hard_negative,php_p10_h9,base,0,True,False,True,hard_negative,php,-44476.0,-40960.0,-0.7831300000000003,False,hard_negative,php,8845.0,11780.0,-0.9609899999999998
iter=115,php,hard_negative,php_p10_h9,base,1,True,False,True,hard_negative,php,-44476.0,-40960.0,-1.2523299999999995,False,hard_negative,php,8845.0,11780.0,-0.4362399999999997
iter=115,php,hard_negative,php_p10_h9,base,2,True,False,True,hard_negative,php,-44476.0,-40960.0,-0.76457,False,hard_negative,php,8845.0,11780.0,-0.5452100000000004
iter=115,random_3sat_control,random_control,random_3sat_control_v260_c1097_seed3305,base,0,False,True,False,random_control,random_3sat_control,27618.0,24405.0,0.5444899999999999,True,random_control,random_3sat_control,-34180.0,-31095.0,-1.067805
iter=115,random_3sat_control,random_control,random_3sat_control_v260_c1097_seed3305,base,1,False,True,False,random_control,random_3sat_control,27618.0,24405.0,0.4992699999999999,True,random_control,random_3sat_control,-34180.0,-31095.0,-0.985777
iter=115,random_3sat_control,random_control,random_3sat_control_v260_c1097_seed3305,base,2,False,True,False,random_control,random_3sat_control,27618.0,24405.0,0.46309,True,random_control,random_3sat_control,-34180.0,-31095.0,-1.167041
iter=115,random_3sat_control,random_control,random_3sat_control_v260_c1097_seed3305,perm_seed1730,0,False,True,False,random_control,random_3sat_control,96650.0,85984.0,2.20038,True,random_control,random_3sat_control,-26824.0,-24981.0,-0.8725970000000001
iter=115,random_3sat_control,random_control,random_3sat_control_v260_c1097_seed3305,perm_seed1730,1,False,True,False,random_control,random_3sat_control,96650.0,85984.0,2.13858,True,random_control,random_3sat_control,-26824.0,-24981.0,-0.8768710000000001
iter=115,random_3sat_control,random_control,random_3sat_control_v260_c1097_seed3305,perm_seed1730,2,False,True,False,random_control,random_3sat_control,96650.0,85984.0,2.1228800000000003,True,random_control,random_3sat_control,-26824.0,-24981.0,-0.993288
iter=50,complete_coloring,other,k8_color7,base,0,False,True,False,other,complete_coloring,203.0,193.0,-0.007602,True,other,complete_coloring,-471.0,-402.0,-0.00221
iter=50,complete_coloring,other,k8_color7,base,1,False,True,False,other,complete_coloring,203.0,193.0,0.004042,True,other,complete_coloring,-471.0,-402.0,-0.0069269999999999
iter=50,complete_coloring,other,k8_color7,base,2,False,True,False,other,complete_coloring,203.0,193.0,-0.008262,True,other,complete_coloring,-471.0,-402.0,-0.010758
iter=50,complete_coloring,other,k8_color7,perm_seed1731,0,False,True,False,other,complete_coloring,82.0,53.0,-0.020673,True,other,complete_coloring,-205.0,-213.0,-0.010992
iter=50,complete_coloring,other,k8_color7,perm_seed1731,1,False,True,False,other,complete_coloring,82.0,53.0,-0.008798,True,other,complete_coloring,-205.0,-213.0,-0.0216039999999999
iter=50,complete_coloring,other,k8_color7,perm_seed1731,2,False,True,False,other,complete_coloring,82.0,53.0,-0.0153,True,other,complete_coloring,-205.0,-213.0,-0.0224199999999999
iter=50,random_3sat_control,random_control,random_3sat_control_v160_c704_seed2615,perm_seed1731,0,False,True,False,random_control,random_3sat_control,843.0,583.0,-0.000581,True,random_control,random_3sat_control,-36.0,-242.0,-0.000225
iter=50,random_3sat_control,random_control,random_3sat_control_v160_c704_seed2615,perm_seed1731,1,False,True,False,random_control,random_3sat_control,843.0,583.0,0.0046729999999999,True,random_control,random_3sat_control,-36.0,-242.0,-0.0026739999999999
iter=50,random_3sat_control,random_control,random_3sat_control_v160_c704_seed2615,perm_seed1731,2,False,True,False,random_control,random_3sat_control,843.0,583.0,0.0033439999999999,True,random_control,random_3sat_control,-36.0,-242.0,-0.007403
iter=50,random_3sat_control,random_control,random_3sat_control_v260_c1097_seed3305,perm_seed1730,0,False,True,False,random_control,random_3sat_control,16969.0,14323.0,0.1354599999999999,True,random_control,random_3sat_control,-20242.0,-19061.0,-0.7077950000000001
iter=50,random_3sat_control,random_control,random_3sat_control_v260_c1097_seed3305,perm_seed1730,1,False,True,False,random_control,random_3sat_control,16969.0,14323.0,0.0167999999999999,True,random_control,random_3sat_control,-20242.0,-19061.0,-0.70308
iter=50,random_3sat_control,random_control,random_3sat_control_v260_c1097_seed3305,perm_seed1730,2,False,True,False,random_control,random_3sat_control,16969.0,14323.0,-0.04302,True,random_control,random_3sat_control,-20242.0,-19061.0,-0.781659
iter=50,random_3sat_control,random_control,random_3sat_control_v260_c1097_seed3305,perm_seed1731,0,False,True,False,random_control,random_3sat_control,10546.0,8986.0,-0.1373540000000001,True,random_control,random_3sat_control,-6391.0,-5928.0,-0.294998
iter=50,random_3sat_control,random_control,random_3sat_control_v260_c1097_seed3305,perm_seed1731,1,False,True,False,random_control,random_3sat_control,10546.0,8986.0,0.0750799999999998,True,random_control,random_3sat_control,-6391.0,-5928.0,-0.273139
iter=50,random_3sat_control,random_control,random_3sat_control_v260_c1097_seed3305,perm_seed1731,2,False,True,False,random_control,random_3sat_control,10546.0,8986.0,0.18158,True,random_control,random_3sat_control,-6391.0,-5928.0,-0.1431099999999998
iter=50,subset_cardinality,other,subset_cardinality_bw10,perm_seed1731,0,True,False,True,other,subset_cardinality,-27.0,-17.0,0.001542,False,other,subset_cardinality,12.0,-11.0,0.001702
iter=50,subset_cardinality,other,subset_cardinality_bw10,perm_seed1731,1,True,False,True,other,subset_cardinality,-27.0,-17.0,0.001861,False,other,subset_cardinality,12.0,-11.0,0.000621
iter=50,subset_cardinality,other,subset_cardinality_bw10,perm_seed1731,2,True,False,True,other,subset_cardinality,-27.0,-17.0,0.003103,False,other,subset_cardinality,12.0,-11.0,0.0005249999999999
iter=80,complete_coloring,hard_negative,k10_color9,base,0,True,False,True,hard_negative,complete_coloring,-104114.0,-96506.0,-1.5525100000000005,False,hard_negative,complete_coloring,18162.0,19145.0,-0.5042299999999997
iter=80,complete_coloring,hard_negative,k10_color9,base,1,True,False,True,hard_negative,complete_coloring,-104114.0,-96506.0,-1.09173,False,hard_negative,complete_coloring,18162.0,19145.0,-0.32952
iter=80,complete_coloring,hard_negative,k10_color9,base,2,True,False,True,hard_negative,complete_coloring,-104114.0,-96506.0,-1.59919,False,hard_negative,complete_coloring,18162.0,19145.0,-0.5467200000000005
iter=80,complete_coloring,other,k8_color7,base,0,False,True,False,other,complete_coloring,73.0,67.0,0.0030089999999999,True,other,complete_coloring,-456.0,-387.0,-0.011258
iter=80,complete_coloring,other,k8_color7,base,1,False,True,False,other,complete_coloring,73.0,67.0,0.0002489999999999,True,other,complete_coloring,-456.0,-387.0,-0.009644
iter=80,complete_coloring,other,k8_color7,base,2,False,True,False,other,complete_coloring,73.0,67.0,-0.003622,True,other,complete_coloring,-456.0,-387.0,-0.019448
iter=80,php,hard_negative,php_p10_h9,base,0,True,False,True,hard_negative,php,-104114.0,-96506.0,-1.2511300000000003,False,hard_negative,php,18162.0,19145.0,-0.3165199999999997
iter=80,php,hard_negative,php_p10_h9,base,1,True,False,True,hard_negative,php,-104114.0,-96506.0,-1.02201,False,hard_negative,php,18162.0,19145.0,-0.3237000000000001
iter=80,php,hard_negative,php_p10_h9,base,2,True,False,True,hard_negative,php,-104114.0,-96506.0,-1.4716399999999998,False,hard_negative,php,18162.0,19145.0,-0.5946600000000002
iter=80,random_3sat_control,random_control,random_3sat_control_v260_c1097_seed3305,base,0,False,True,False,random_control,random_3sat_control,19645.0,17250.0,0.2051499999999999,True,random_control,random_3sat_control,-9478.0,-9045.0,-0.7237729999999999
iter=80,random_3sat_control,random_control,random_3sat_control_v260_c1097_seed3305,base,1,False,True,False,random_control,random_3sat_control,19645.0,17250.0,0.26166,True,random_control,random_3sat_control,-9478.0,-9045.0,-0.3354139999999999
iter=80,random_3sat_control,random_control,random_3sat_control_v260_c1097_seed3305,base,2,False,True,False,random_control,random_3sat_control,19645.0,17250.0,0.42022,True,random_control,random_3sat_control,-9478.0,-9045.0,-0.4336299999999999
iter=80,random_3sat_control,random_control,random_3sat_control_v260_c1097_seed3305,perm_seed1730,0,False,True,False,random_control,random_3sat_control,9055.0,7276.0,-0.0572000000000001,True,random_control,random_3sat_control,-13412.0,-13165.0,-0.772132
iter=80,random_3sat_control,random_control,random_3sat_control_v260_c1097_seed3305,perm_seed1730,1,False,True,False,random_control,random_3sat_control,9055.0,7276.0,0.10789,True,random_control,random_3sat_control,-13412.0,-13165.0,-0.3659150000000001
iter=80,random_3sat_control,random_control,random_3sat_control_v260_c1097_seed3305,perm_seed1730,2,False,True,False,random_control,random_3sat_control,9055.0,7276.0,-0.0440199999999999,True,random_control,random_3sat_control,-13412.0,-13165.0,-0.776333
iter=80,random_3sat_control,random_control,random_3sat_control_v260_c1097_seed3305,perm_seed1731,0,False,True,False,random_control,random_3sat_control,31588.0,27988.0,0.6525100000000001,True,random_control,random_3sat_control,-8151.0,-7600.0,-0.3746860000000001
iter=80,random_3sat_control,random_control,random_3sat_control_v260_c1097_seed3305,perm_seed1731,1,False,True,False,random_control,random_3sat_control,31588.0,27988.0,0.5321400000000001,True,random_control,random_3sat_control,-8151.0,-7600.0,-0.244531
iter=80,random_3sat_control,random_control,random_3sat_control_v260_c1097_seed3305,perm_seed1731,2,False,True,False,random_control,random_3sat_control,31588.0,27988.0,0.65523,True,random_control,random_3sat_control,-8151.0,-7600.0,-0.3499540000000001
iter=80,subset_cardinality,other,subset_cardinality_bw10,perm_seed1731,0,True,False,True,other,subset_cardinality,-28.0,-17.0,-0.000651,False,other,subset_cardinality,11.0,-11.0,-0.001715
iter=80,subset_cardinality,other,subset_cardinality_bw10,perm_seed1731,1,True,False,True,other,subset_cardinality,-28.0,-17.0,0.000765,False,other,subset_cardinality,11.0,-11.0,-0.0028669999999999
iter=80,subset_cardinality,other,subset_cardinality_bw10,perm_seed1731,2,True,False,True,other,subset_cardinality,-28.0,-17.0,0.000964,False,other,subset_cardinality,11.0,-11.0,0.0007309999999999
v1_2_iter15,complete_coloring,hard_negative,k10_color9,base,0,True,False,True,hard_negative,complete_coloring,-87822.0,-81551.0,-1.1252,False,hard_negative,complete_coloring,70617.0,66968.0,0.2671399999999999
v1_2_iter15,complete_coloring,hard_negative,k10_color9,base,1,True,False,True,hard_negative,complete_coloring,-87822.0,-81551.0,-1.0915199999999996,False,hard_negative,complete_coloring,70617.0,66968.0,0.2887300000000001
v1_2_iter15,complete_coloring,hard_negative,k10_color9,base,2,True,False,True,hard_negative,complete_coloring,-87822.0,-81551.0,-0.90578,False,hard_negative,complete_coloring,70617.0,66968.0,0.2426500000000002
v1_2_iter15,complete_coloring,hard_negative,k10_color9,perm_seed1731,0,True,False,True,hard_negative,complete_coloring,-16019.0,-10993.0,-0.0155599999999997,False,hard_negative,complete_coloring,116261.0,110921.0,0.8853599999999999
v1_2_iter15,complete_coloring,hard_negative,k10_color9,perm_seed1731,1,True,False,True,hard_negative,complete_coloring,-16019.0,-10993.0,0.2472700000000003,False,hard_negative,complete_coloring,116261.0,110921.0,0.94489
v1_2_iter15,complete_coloring,hard_negative,k10_color9,perm_seed1731,2,True,False,True,hard_negative,complete_coloring,-16019.0,-10993.0,0.09314,False,hard_negative,complete_coloring,116261.0,110921.0,0.96134
v1_2_iter15,complete_coloring,other,k8_color7,base,0,False,True,False,other,complete_coloring,49.0,76.0,-0.002658,True,other,complete_coloring,-324.0,-273.0,-0.016314
v1_2_iter15,complete_coloring,other,k8_color7,base,1,False,True,False,other,complete_coloring,49.0,76.0,-0.001571,True,other,complete_coloring,-324.0,-273.0,-0.008115
v1_2_iter15,complete_coloring,other,k8_color7,base,2,False,True,False,other,complete_coloring,49.0,76.0,0.0010789999999999,True,other,complete_coloring,-324.0,-273.0,-0.0134959999999999
v1_2_iter15,php,hard_negative,php_p10_h9,base,0,True,False,True,hard_negative,php,-87822.0,-81551.0,-1.2816799999999997,False,hard_negative,php,70617.0,66968.0,0.2212899999999997
v1_2_iter15,php,hard_negative,php_p10_h9,base,1,True,False,True,hard_negative,php,-87822.0,-81551.0,-1.1314500000000005,False,hard_negative,php,70617.0,66968.0,0.2323300000000001
v1_2_iter15,php,hard_negative,php_p10_h9,base,2,True,False,True,hard_negative,php,-87822.0,-81551.0,-0.8334700000000002,False,hard_negative,php,70617.0,66968.0,0.1735299999999999
v1_2_iter15,php,hard_negative,php_p10_h9,perm_seed1731,0,True,False,True,hard_negative,php,-16019.0,-10993.0,0.18066,False,hard_negative,php,116261.0,110921.0,1.0234099999999997
v1_2_iter15,php,hard_negative,php_p10_h9,perm_seed1731,1,True,False,True,hard_negative,php,-16019.0,-10993.0,-0.6362699999999997,False,hard_negative,php,116261.0,110921.0,0.87479
v1_2_iter15,php,hard_negative,php_p10_h9,perm_seed1731,2,True,False,True,hard_negative,php,-16019.0,-10993.0,0.1650100000000001,False,hard_negative,php,116261.0,110921.0,1.0126700000000004
v1_2_iter15,random_3sat_control,random_control,random_3sat_control_v260_c1097_seed3305,base,0,False,True,False,random_control,random_3sat_control,27840.0,24578.0,0.46251,True,random_control,random_3sat_control,-12310.0,-11488.0,-0.4199039999999999
v1_2_iter15,random_3sat_control,random_control,random_3sat_control_v260_c1097_seed3305,base,1,False,True,False,random_control,random_3sat_control,27840.0,24578.0,0.7359900000000001,True,random_control,random_3sat_control,-12310.0,-11488.0,-0.439892
v1_2_iter15,random_3sat_control,random_control,random_3sat_control_v260_c1097_seed3305,base,2,False,True,False,random_control,random_3sat_control,27840.0,24578.0,0.3696599999999999,True,random_control,random_3sat_control,-12310.0,-11488.0,-0.4162280000000001
v1_2_iter15,random_3sat_control,random_control,random_3sat_control_v260_c1097_seed3305,perm_seed1730,0,False,True,False,random_control,random_3sat_control,39993.0,35030.0,0.7531500000000002,True,random_control,random_3sat_control,-28889.0,-26747.0,-0.716052
v1_2_iter15,random_3sat_control,random_control,random_3sat_control_v260_c1097_seed3305,perm_seed1730,1,False,True,False,random_control,random_3sat_control,39993.0,35030.0,1.04487,True,random_control,random_3sat_control,-28889.0,-26747.0,-0.706684
v1_2_iter15,random_3sat_control,random_control,random_3sat_control_v260_c1097_seed3305,perm_seed1730,2,False,True,False,random_control,random_3sat_control,39993.0,35030.0,0.5706500000000001,True,random_control,random_3sat_control,-28889.0,-26747.0,-0.7433099999999999
v1_2_iter15,random_3sat_control,random_control,random_3sat_control_v260_c1097_seed3305,perm_seed1731,0,False,True,False,random_control,random_3sat_control,34399.0,30252.0,0.7899100000000001,True,random_control,random_3sat_control,-6285.0,-6139.0,-0.219758
v1_2_iter15,random_3sat_control,random_control,random_3sat_control_v260_c1097_seed3305,perm_seed1731,1,False,True,False,random_control,random_3sat_control,34399.0,30252.0,0.5745,True,random_control,random_3sat_control,-6285.0,-6139.0,-0.2285239999999999
v1_2_iter15,random_3sat_control,random_control,random_3sat_control_v260_c1097_seed3305,perm_seed1731,2,False,True,False,random_control,random_3sat_control,34399.0,30252.0,0.4526490000000001,True,random_control,random_3sat_control,-6285.0,-6139.0,-0.230223
v1_2_iter15,subset_cardinality,other,subset_cardinality_bw10,perm_seed1731,0,True,False,True,other,subset_cardinality,-27.0,-16.0,-0.0001539999999999,False,other,subset_cardinality,12.0,-11.0,0.000971
v1_2_iter15,subset_cardinality,other,subset_cardinality_bw10,perm_seed1731,1,True,False,True,other,subset_cardinality,-27.0,-16.0,0.001144,False,other,subset_cardinality,12.0,-11.0,0.000736
v1_2_iter15,subset_cardinality,other,subset_cardinality_bw10,perm_seed1731,2,True,False,True,other,subset_cardinality,-27.0,-16.0,-0.000671,False,other,subset_cardinality,12.0,-11.0,-0.0005479999999999
v1_2_iter15,subset_cardinality,other,subset_cardinality_bw8,perm_seed1730,0,False,True,False,other,subset_cardinality,3.0,4.0,0.0001599999999999,True,other,subset_cardinality,-9.0,-12.0,-0.000981
v1_2_iter15,subset_cardinality,other,subset_cardinality_bw8,perm_seed1730,1,False,True,False,other,subset_cardinality,3.0,4.0,-4.800000000000008e-05,True,other,subset_cardinality,-9.0,-12.0,-0.0014299999999999
v1_2_iter15,subset_cardinality,other,subset_cardinality_bw8,perm_seed1730,2,False,True,False,other,subset_cardinality,3.0,4.0,-0.001727,True,other,subset_cardinality,-9.0,-12.0,0.001613
