candidate_label,warmup_conflicts,family,base_instance_id,variant,repeat_id,target_role,reference_search_ok,candidate_search_ok,search_ok_lost_vs_reference,search_ok_gained_vs_reference,candidate_search_blowup,candidate_cpu_only_win,protocol_win_search_bad_candidate,adapter_cached_decisions_delta_reference,adapter_cached_decisions_delta_candidate,adapter_cached_decisions_delta_change_vs_reference,adapter_cached_conflicts_delta_reference,adapter_cached_conflicts_delta_candidate,adapter_cached_conflicts_delta_change_vs_reference,adapter_cached_final_cpu_delta_reference,adapter_cached_final_cpu_delta_candidate,adapter_cached_final_cpu_delta_change_vs_reference,adapter_plain_protocol_delta_candidate
iter=115,1,complete_coloring,k10_color9,base,0,hard_negative,True,True,False,False,False,False,False,-87822.0,-44476.0,43346.0,-81551.0,-40960.0,40591.0,-1.1252,-0.7855600000000003,0.3396399999999997,-0.7700387727569344
iter=115,1,complete_coloring,k10_color9,base,1,hard_negative,True,True,False,False,False,False,False,-87822.0,-44476.0,43346.0,-81551.0,-40960.0,40591.0,-1.0915199999999996,-1.10648,-0.014960000000000306,-0.3479906454654933
iter=115,1,complete_coloring,k10_color9,base,2,hard_negative,True,True,False,False,False,False,False,-87822.0,-44476.0,43346.0,-81551.0,-40960.0,40591.0,-0.90578,-0.7570000000000001,0.1487799999999999,-0.6112436316112881
iter=115,1,complete_coloring,k10_color9,perm_seed1730,0,hard_negative,False,False,False,False,True,True,True,46019.0,35884.0,-10135.0,45457.0,35776.0,-9681.0,0.5252700000000003,-0.1399999999999996,-0.6652699999999999,-1.367350078735888
iter=115,1,complete_coloring,k10_color9,perm_seed1730,1,hard_negative,False,False,False,False,True,True,True,46019.0,35884.0,-10135.0,45457.0,35776.0,-9681.0,0.1726100000000006,-0.6760400000000004,-0.848650000000001,-0.4332466139988309
iter=115,1,complete_coloring,k10_color9,perm_seed1730,2,hard_negative,False,False,False,False,True,False,True,46019.0,35884.0,-10135.0,45457.0,35776.0,-9681.0,0.4398300000000001,0.4651,0.025269999999999904,-0.1686375899295811
iter=115,1,complete_coloring,k10_color9,perm_seed1731,0,hard_negative,True,False,True,False,True,False,False,-16019.0,50522.0,66541.0,-10993.0,47381.0,58374.0,-0.0155599999999997,0.2714299999999996,0.2869899999999993,0.2634790287700888
iter=115,1,complete_coloring,k10_color9,perm_seed1731,1,hard_negative,True,False,True,False,True,True,False,-16019.0,50522.0,66541.0,-10993.0,47381.0,58374.0,0.2472700000000003,-0.06414,-0.3114100000000003,0.5289869264728422
iter=115,1,complete_coloring,k10_color9,perm_seed1731,2,hard_negative,True,False,True,False,True,False,False,-16019.0,50522.0,66541.0,-10993.0,47381.0,58374.0,0.09314,0.6931899999999995,0.6000499999999995,0.9977403388057944
iter=115,1,php,php_p10_h9,base,0,hard_negative,True,True,False,False,False,False,False,-87822.0,-44476.0,43346.0,-81551.0,-40960.0,40591.0,-1.2816799999999997,-0.7831300000000003,0.4985499999999994,-0.7683915571698545
iter=115,1,php,php_p10_h9,base,1,hard_negative,True,True,False,False,False,False,False,-87822.0,-44476.0,43346.0,-81551.0,-40960.0,40591.0,-1.1314500000000005,-1.2523299999999995,-0.12087999999999899,-0.5645435921127802
iter=115,1,php,php_p10_h9,base,2,hard_negative,True,True,False,False,False,False,False,-87822.0,-44476.0,43346.0,-81551.0,-40960.0,40591.0,-0.8334700000000002,-0.76457,0.06890000000000018,-0.7660741787307859
iter=115,1,php,php_p10_h9,perm_seed1730,0,hard_negative,False,False,False,False,True,False,True,15171.0,50130.0,34959.0,14993.0,49809.0,34816.0,0.11246,0.1318699999999992,0.019409999999999206,-0.7555054407721169
iter=115,1,php,php_p10_h9,perm_seed1730,1,hard_negative,False,False,False,False,True,False,True,15171.0,50130.0,34959.0,14993.0,49809.0,34816.0,0.07599,0.1859299999999999,0.1099399999999999,-0.4357044680465458
iter=115,1,php,php_p10_h9,perm_seed1730,2,hard_negative,False,False,False,False,True,False,True,15171.0,50130.0,34959.0,14993.0,49809.0,34816.0,0.0881899999999999,0.5176100000000003,0.42942000000000047,-0.5632157085619562
iter=115,1,php,php_p10_h9,perm_seed1731,0,hard_negative,True,False,True,False,True,False,False,-16019.0,50522.0,66541.0,-10993.0,47381.0,58374.0,0.18066,0.0335400000000003,-0.1471199999999997,0.3350987200790056
iter=115,1,php,php_p10_h9,perm_seed1731,1,hard_negative,True,False,True,False,True,False,False,-16019.0,50522.0,66541.0,-10993.0,47381.0,58374.0,-0.6362699999999997,0.1832000000000002,0.8194699999999999,0.6473845521845218
iter=115,1,php,php_p10_h9,perm_seed1731,2,hard_negative,True,False,True,False,True,False,False,-16019.0,50522.0,66541.0,-10993.0,47381.0,58374.0,0.1650100000000001,0.4821200000000001,0.31711,0.1393007956153749
iter=115,3,complete_coloring,k10_color9,base,0,hard_negative,False,False,False,False,True,True,False,70617.0,8845.0,-61772.0,66968.0,11780.0,-55188.0,0.2671399999999999,-1.2569199999999991,-1.524059999999999,0.5059854290515782
iter=115,3,complete_coloring,k10_color9,base,1,hard_negative,False,False,False,False,True,True,False,70617.0,8845.0,-61772.0,66968.0,11780.0,-55188.0,0.2887300000000001,-1.2538700000000005,-1.5426000000000006,0.1473165099281077
iter=115,3,complete_coloring,k10_color9,base,2,hard_negative,False,False,False,False,True,False,False,70617.0,8845.0,-61772.0,66968.0,11780.0,-55188.0,0.2426500000000002,0.0495700000000001,-0.19308000000000008,0.2536233057554957
iter=115,3,complete_coloring,k10_color9,perm_seed1730,0,hard_negative,False,False,False,False,True,True,True,88073.0,62796.0,-25277.0,84647.0,59274.0,-25373.0,0.0100999999999999,-0.8640399999999997,-0.8741399999999996,-0.7494801836132998
iter=115,3,complete_coloring,k10_color9,perm_seed1730,1,hard_negative,False,False,False,False,True,True,True,88073.0,62796.0,-25277.0,84647.0,59274.0,-25373.0,-0.0243899999999999,-1.5437500000000002,-1.5193600000000003,-0.834022690481544
iter=115,3,complete_coloring,k10_color9,perm_seed1730,2,hard_negative,False,False,False,False,True,True,True,88073.0,62796.0,-25277.0,84647.0,59274.0,-25373.0,0.0498699999999998,-0.8844099999999999,-0.9342799999999998,-1.1239086810571548
iter=115,3,complete_coloring,k10_color9,perm_seed1731,0,hard_negative,False,False,False,False,True,False,False,116261.0,84973.0,-31288.0,110921.0,83492.0,-27429.0,0.8853599999999999,0.6107800000000001,-0.2745799999999998,1.185733217230558
iter=115,3,complete_coloring,k10_color9,perm_seed1731,1,hard_negative,False,False,False,False,True,True,False,116261.0,84973.0,-31288.0,110921.0,83492.0,-27429.0,0.94489,-0.0301099999999996,-0.9749999999999996,1.1673976686900265
iter=115,3,complete_coloring,k10_color9,perm_seed1731,2,hard_negative,False,False,False,False,True,False,False,116261.0,84973.0,-31288.0,110921.0,83492.0,-27429.0,0.96134,0.4776499999999997,-0.4836900000000003,0.7867875171478982
iter=115,3,php,php_p10_h9,base,0,hard_negative,False,False,False,False,True,True,False,70617.0,8845.0,-61772.0,66968.0,11780.0,-55188.0,0.2212899999999997,-0.9609899999999998,-1.1822799999999996,0.1214362139206528
iter=115,3,php,php_p10_h9,base,1,hard_negative,False,False,False,False,True,True,True,70617.0,8845.0,-61772.0,66968.0,11780.0,-55188.0,0.2323300000000001,-0.4362399999999997,-0.6685699999999998,-0.1828905911563634
iter=115,3,php,php_p10_h9,base,2,hard_negative,False,False,False,False,True,True,True,70617.0,8845.0,-61772.0,66968.0,11780.0,-55188.0,0.1735299999999999,-0.5452100000000004,-0.7187400000000004,-0.1695878088940379
iter=115,3,php,php_p10_h9,perm_seed1730,0,hard_negative,False,False,False,False,True,True,True,88073.0,88629.0,556.0,84647.0,82907.0,-1740.0,0.02936,-0.6740799999999996,-0.7034399999999996,-0.952519529654622
iter=115,3,php,php_p10_h9,perm_seed1730,1,hard_negative,False,False,False,False,True,True,True,88073.0,88629.0,556.0,84647.0,82907.0,-1740.0,0.09443,-0.0995599999999998,-0.1939899999999998,-0.9931092355000972
iter=115,3,php,php_p10_h9,perm_seed1730,2,hard_negative,False,False,False,False,True,True,True,88073.0,88629.0,556.0,84647.0,82907.0,-1740.0,0.08772,-0.37013,-0.45785000000000003,-0.9645906858408456
iter=115,3,php,php_p10_h9,perm_seed1731,0,hard_negative,False,False,False,False,True,True,False,116261.0,84973.0,-31288.0,110921.0,83492.0,-27429.0,1.0234099999999997,-0.40754,-1.4309499999999997,1.1249733416240213
iter=115,3,php,php_p10_h9,perm_seed1731,1,hard_negative,False,False,False,False,True,False,False,116261.0,84973.0,-31288.0,110921.0,83492.0,-27429.0,0.87479,0.8513800000000002,-0.02340999999999971,0.8959943250278233
iter=115,3,php,php_p10_h9,perm_seed1731,2,hard_negative,False,False,False,False,True,False,False,116261.0,84973.0,-31288.0,110921.0,83492.0,-27429.0,1.0126700000000004,0.6391800000000005,-0.3734899999999999,0.3070652693338402
iter=50,1,complete_coloring,k10_color9,base,0,hard_negative,True,True,False,False,False,False,False,-87822.0,-45935.0,41887.0,-81551.0,-44264.0,37287.0,-1.1252,-1.0860599999999998,0.039140000000000175,-0.7185971153128148
iter=50,1,complete_coloring,k10_color9,base,1,hard_negative,True,True,False,False,False,False,False,-87822.0,-45935.0,41887.0,-81551.0,-44264.0,37287.0,-1.0915199999999996,-0.9912800000000002,0.10023999999999944,0.7271763586019278
iter=50,1,complete_coloring,k10_color9,base,2,hard_negative,True,True,False,False,False,False,False,-87822.0,-45935.0,41887.0,-81551.0,-44264.0,37287.0,-0.90578,-1.4497,-0.54392,0.9609608739753366
iter=50,1,complete_coloring,k10_color9,perm_seed1730,0,hard_negative,False,False,False,False,True,True,True,46019.0,2402.0,-43617.0,45457.0,1895.0,-43562.0,0.5252700000000003,-1.0011099999999995,-1.5263799999999998,-1.130771331792176
iter=50,1,complete_coloring,k10_color9,perm_seed1730,1,hard_negative,False,False,False,False,True,True,False,46019.0,2402.0,-43617.0,45457.0,1895.0,-43562.0,0.1726100000000006,-0.4585699999999999,-0.6311800000000005,0.0809003961831926
iter=50,1,complete_coloring,k10_color9,perm_seed1730,2,hard_negative,False,False,False,False,True,True,False,46019.0,2402.0,-43617.0,45457.0,1895.0,-43562.0,0.4398300000000001,-1.32862,-1.76845,0.3485444169777638
iter=50,1,complete_coloring,k10_color9,perm_seed1731,0,hard_negative,True,False,True,False,True,False,False,-16019.0,33151.0,49170.0,-10993.0,31230.0,42223.0,-0.0155599999999997,0.3002000000000002,0.3157599999999999,0.535372583268285
iter=50,1,complete_coloring,k10_color9,perm_seed1731,1,hard_negative,True,False,True,False,True,True,False,-16019.0,33151.0,49170.0,-10993.0,31230.0,42223.0,0.2472700000000003,-0.0130400000000001,-0.2603100000000004,1.3616806040028333
iter=50,1,complete_coloring,k10_color9,perm_seed1731,2,hard_negative,True,False,True,False,True,False,False,-16019.0,33151.0,49170.0,-10993.0,31230.0,42223.0,0.09314,0.09932,0.006180000000000005,1.811485022544205
iter=50,1,php,php_p10_h9,base,0,hard_negative,True,True,False,False,False,False,False,-87822.0,-45935.0,41887.0,-81551.0,-44264.0,37287.0,-1.2816799999999997,-0.7709600000000001,0.5107199999999996,-0.7943050880639548
iter=50,1,php,php_p10_h9,base,1,hard_negative,True,True,False,False,False,False,False,-87822.0,-45935.0,41887.0,-81551.0,-44264.0,37287.0,-1.1314500000000005,-0.9038500000000004,0.22760000000000014,-0.5887226232171061
iter=50,1,php,php_p10_h9,base,2,hard_negative,True,True,False,False,False,False,False,-87822.0,-45935.0,41887.0,-81551.0,-44264.0,37287.0,-0.8334700000000002,-0.8981600000000003,-0.06469000000000014,-0.0995786888300784
iter=50,1,php,php_p10_h9,perm_seed1730,0,hard_negative,False,False,False,False,True,True,True,15171.0,2402.0,-12769.0,14993.0,1895.0,-13098.0,0.11246,-0.7674099999999999,-0.8798699999999999,-1.3167676778140072
iter=50,1,php,php_p10_h9,perm_seed1730,1,hard_negative,False,False,False,False,True,True,True,15171.0,2402.0,-12769.0,14993.0,1895.0,-13098.0,0.07599,-0.7626200000000001,-0.8386100000000001,-1.284877294203698
iter=50,1,php,php_p10_h9,perm_seed1730,2,hard_negative,False,False,False,False,True,True,True,15171.0,2402.0,-12769.0,14993.0,1895.0,-13098.0,0.0881899999999999,-0.3937199999999996,-0.4819099999999995,-0.743497151110768
iter=50,1,php,php_p10_h9,perm_seed1731,0,hard_negative,True,False,True,False,True,True,True,-16019.0,33151.0,49170.0,-10993.0,31230.0,42223.0,0.18066,-0.1304800000000003,-0.3111400000000003,-0.4884837818816896
iter=50,1,php,php_p10_h9,perm_seed1731,1,hard_negative,True,False,True,False,True,False,False,-16019.0,33151.0,49170.0,-10993.0,31230.0,42223.0,-0.6362699999999997,0.0567100000000002,0.6929799999999998,0.140466427253842
iter=50,1,php,php_p10_h9,perm_seed1731,2,hard_negative,True,False,True,False,True,False,False,-16019.0,33151.0,49170.0,-10993.0,31230.0,42223.0,0.1650100000000001,0.0471700000000003,-0.1178399999999998,0.6745570641834737
iter=50,3,complete_coloring,k10_color9,base,0,hard_negative,False,True,False,True,False,False,False,70617.0,-962.0,-71579.0,66968.0,-960.0,-67928.0,0.2671399999999999,-0.6110599999999997,-0.8781999999999996,-0.4813578106217981
iter=50,3,complete_coloring,k10_color9,base,1,hard_negative,False,True,False,True,False,False,False,70617.0,-962.0,-71579.0,66968.0,-960.0,-67928.0,0.2887300000000001,-0.46164,-0.7503700000000001,0.4027364300681348
iter=50,3,complete_coloring,k10_color9,base,2,hard_negative,False,True,False,True,False,False,False,70617.0,-962.0,-71579.0,66968.0,-960.0,-67928.0,0.2426500000000002,-0.9167200000000002,-1.1593700000000005,-0.1510205020214323
iter=50,3,complete_coloring,k10_color9,perm_seed1730,0,hard_negative,False,False,False,False,True,True,True,88073.0,81982.0,-6091.0,84647.0,79526.0,-5121.0,0.0100999999999999,-0.0982500000000001,-0.10835,-0.8985489433814289
iter=50,3,complete_coloring,k10_color9,perm_seed1730,1,hard_negative,False,False,False,False,True,False,False,88073.0,81982.0,-6091.0,84647.0,79526.0,-5121.0,-0.0243899999999999,0.3054999999999994,0.3298899999999993,0.0296368599669927
iter=50,3,complete_coloring,k10_color9,perm_seed1730,2,hard_negative,False,False,False,False,True,True,True,88073.0,81982.0,-6091.0,84647.0,79526.0,-5121.0,0.0498699999999998,-0.0222999999999999,-0.0721699999999997,-0.5310698294690841
iter=50,3,complete_coloring,k10_color9,perm_seed1731,0,hard_negative,False,False,False,False,True,False,False,116261.0,94629.0,-21632.0,110921.0,91656.0,-19265.0,0.8853599999999999,0.4780699999999998,-0.40729000000000015,1.2324076041993497
iter=50,3,complete_coloring,k10_color9,perm_seed1731,1,hard_negative,False,False,False,False,True,False,False,116261.0,94629.0,-21632.0,110921.0,91656.0,-19265.0,0.94489,0.6147100000000005,-0.3301799999999995,1.7153079988833673
iter=50,3,complete_coloring,k10_color9,perm_seed1731,2,hard_negative,False,False,False,False,True,False,False,116261.0,94629.0,-21632.0,110921.0,91656.0,-19265.0,0.96134,1.09516,0.13381999999999994,1.543611968573332
iter=50,3,php,php_p10_h9,base,0,hard_negative,False,True,False,True,False,False,False,70617.0,-962.0,-71579.0,66968.0,-960.0,-67928.0,0.2212899999999997,-0.5783400000000003,-0.7996300000000001,-0.6091636040359143
iter=50,3,php,php_p10_h9,base,1,hard_negative,False,True,False,True,False,False,False,70617.0,-962.0,-71579.0,66968.0,-960.0,-67928.0,0.2323300000000001,-0.7031200000000002,-0.9354500000000003,-0.983615928674996
iter=50,3,php,php_p10_h9,base,2,hard_negative,False,True,False,True,False,False,False,70617.0,-962.0,-71579.0,66968.0,-960.0,-67928.0,0.1735299999999999,-0.2301999999999995,-0.40372999999999937,0.0308345777471066
iter=50,3,php,php_p10_h9,perm_seed1730,0,hard_negative,False,False,False,False,True,False,True,88073.0,119236.0,31163.0,84647.0,113660.0,29013.0,0.02936,0.2196799999999998,0.1903199999999998,-0.7401049438629146
iter=50,3,php,php_p10_h9,perm_seed1730,1,hard_negative,False,False,False,False,True,True,True,88073.0,119236.0,31163.0,84647.0,113660.0,29013.0,0.09443,-0.1738499999999998,-0.2682799999999998,-0.6800336746611597
iter=50,3,php,php_p10_h9,perm_seed1730,2,hard_negative,False,False,False,False,True,False,True,88073.0,119236.0,31163.0,84647.0,113660.0,29013.0,0.08772,0.4017200000000001,0.31400000000000006,-0.4615947401689286
iter=50,3,php,php_p10_h9,perm_seed1731,0,hard_negative,False,False,False,False,True,False,False,116261.0,94629.0,-21632.0,110921.0,91656.0,-19265.0,1.0234099999999997,0.7855799999999995,-0.2378300000000002,1.0204504171039457
iter=50,3,php,php_p10_h9,perm_seed1731,1,hard_negative,False,False,False,False,True,False,False,116261.0,94629.0,-21632.0,110921.0,91656.0,-19265.0,0.87479,0.5935000000000006,-0.2812899999999994,1.040404558429242
iter=50,3,php,php_p10_h9,perm_seed1731,2,hard_negative,False,False,False,False,True,False,False,116261.0,94629.0,-21632.0,110921.0,91656.0,-19265.0,1.0126700000000004,1.0345999999999995,0.021929999999999117,1.0048873721989393
iter=80,1,complete_coloring,k10_color9,base,0,hard_negative,True,True,False,False,False,False,False,-87822.0,-104114.0,-16292.0,-81551.0,-96506.0,-14955.0,-1.1252,-1.5525100000000005,-0.4273100000000005,-0.7550211307214498
iter=80,1,complete_coloring,k10_color9,base,1,hard_negative,True,True,False,False,False,False,False,-87822.0,-104114.0,-16292.0,-81551.0,-96506.0,-14955.0,-1.0915199999999996,-1.09173,-0.00021000000000048757,-0.7195369270071388
iter=80,1,complete_coloring,k10_color9,base,2,hard_negative,True,True,False,False,False,False,False,-87822.0,-104114.0,-16292.0,-81551.0,-96506.0,-14955.0,-0.90578,-1.59919,-0.6934099999999999,-0.6633510200495123
iter=80,1,complete_coloring,k10_color9,perm_seed1730,0,hard_negative,False,False,False,False,True,True,True,46019.0,50712.0,4693.0,45457.0,48913.0,3456.0,0.5252700000000003,-0.3507100000000003,-0.8759800000000006,-0.2849853549879197
iter=80,1,complete_coloring,k10_color9,perm_seed1730,1,hard_negative,False,False,False,False,True,False,False,46019.0,50712.0,4693.0,45457.0,48913.0,3456.0,0.1726100000000006,0.7231700000000005,0.5505599999999999,0.1092578511999251
iter=80,1,complete_coloring,k10_color9,perm_seed1730,2,hard_negative,False,False,False,False,True,False,True,46019.0,50712.0,4693.0,45457.0,48913.0,3456.0,0.4398300000000001,0.4029399999999996,-0.036890000000000533,-0.1512751062445048
iter=80,1,complete_coloring,k10_color9,perm_seed1731,0,hard_negative,True,False,True,False,True,False,False,-16019.0,65775.0,81794.0,-10993.0,62632.0,73625.0,-0.0155599999999997,0.3787099999999999,0.39426999999999957,1.6748877687239645
iter=80,1,complete_coloring,k10_color9,perm_seed1731,1,hard_negative,True,False,True,False,True,False,False,-16019.0,65775.0,81794.0,-10993.0,62632.0,73625.0,0.2472700000000003,0.5307599999999999,0.2834899999999996,1.2819450750090482
iter=80,1,complete_coloring,k10_color9,perm_seed1731,2,hard_negative,True,False,True,False,True,False,False,-16019.0,65775.0,81794.0,-10993.0,62632.0,73625.0,0.09314,0.8079899999999998,0.7148499999999998,1.1192561208283305
iter=80,1,php,php_p10_h9,base,0,hard_negative,True,True,False,False,False,False,False,-87822.0,-104114.0,-16292.0,-81551.0,-96506.0,-14955.0,-1.2816799999999997,-1.2511300000000003,0.03054999999999941,-1.2407166342274545
iter=80,1,php,php_p10_h9,base,1,hard_negative,True,True,False,False,False,False,False,-87822.0,-104114.0,-16292.0,-81551.0,-96506.0,-14955.0,-1.1314500000000005,-1.02201,0.10944000000000043,-0.8061863174579145
iter=80,1,php,php_p10_h9,base,2,hard_negative,True,True,False,False,False,False,False,-87822.0,-104114.0,-16292.0,-81551.0,-96506.0,-14955.0,-0.8334700000000002,-1.4716399999999998,-0.6381699999999997,-0.7598190043800477
iter=80,1,php,php_p10_h9,perm_seed1730,0,hard_negative,False,False,False,False,True,True,True,15171.0,50712.0,35541.0,14993.0,48913.0,33920.0,0.11246,-0.1887400000000001,-0.30120000000000013,-0.5124391986745591
iter=80,1,php,php_p10_h9,perm_seed1730,1,hard_negative,False,False,False,False,True,False,True,15171.0,50712.0,35541.0,14993.0,48913.0,33920.0,0.07599,0.5893000000000006,0.5133100000000006,-0.3319558030905112
iter=80,1,php,php_p10_h9,perm_seed1730,2,hard_negative,False,False,False,False,True,False,True,15171.0,50712.0,35541.0,14993.0,48913.0,33920.0,0.0881899999999999,0.2226600000000003,0.13447000000000042,-0.0734974017534249
iter=80,1,php,php_p10_h9,perm_seed1731,0,hard_negative,True,False,True,False,True,False,False,-16019.0,65775.0,81794.0,-10993.0,62632.0,73625.0,0.18066,0.04237,-0.13829,0.7538648573253752
iter=80,1,php,php_p10_h9,perm_seed1731,1,hard_negative,True,False,True,False,True,False,False,-16019.0,65775.0,81794.0,-10993.0,62632.0,73625.0,-0.6362699999999997,0.8622999999999998,1.4985699999999995,0.9124370893841992
iter=80,1,php,php_p10_h9,perm_seed1731,2,hard_negative,True,False,True,False,True,False,False,-16019.0,65775.0,81794.0,-10993.0,62632.0,73625.0,0.1650100000000001,0.9535899999999996,0.7885799999999995,1.116187849926531
iter=80,3,complete_coloring,k10_color9,base,0,hard_negative,False,False,False,False,True,True,False,70617.0,18162.0,-52455.0,66968.0,19145.0,-47823.0,0.2671399999999999,-0.5042299999999997,-0.7713699999999997,0.2851560382418041
iter=80,3,complete_coloring,k10_color9,base,1,hard_negative,False,False,False,False,True,True,False,70617.0,18162.0,-52455.0,66968.0,19145.0,-47823.0,0.2887300000000001,-0.32952,-0.6182500000000001,1.1552001635198
iter=80,3,complete_coloring,k10_color9,base,2,hard_negative,False,False,False,False,True,True,False,70617.0,18162.0,-52455.0,66968.0,19145.0,-47823.0,0.2426500000000002,-0.5467200000000005,-0.7893700000000008,0.2917567942385082
iter=80,3,complete_coloring,k10_color9,perm_seed1730,0,hard_negative,False,False,False,False,True,True,True,88073.0,85350.0,-2723.0,84647.0,80313.0,-4334.0,0.0100999999999999,-0.2550599999999998,-0.2651599999999997,-0.2843685522075301
iter=80,3,complete_coloring,k10_color9,perm_seed1730,1,hard_negative,False,False,False,False,True,True,False,88073.0,85350.0,-2723.0,84647.0,80313.0,-4334.0,-0.0243899999999999,-0.2135099999999998,-0.1891199999999999,0.2823235053491606
iter=80,3,complete_coloring,k10_color9,perm_seed1730,2,hard_negative,False,False,False,False,True,True,True,88073.0,85350.0,-2723.0,84647.0,80313.0,-4334.0,0.0498699999999998,-0.2628499999999998,-0.3127199999999996,-0.6145126396827703
iter=80,3,complete_coloring,k10_color9,perm_seed1731,0,hard_negative,False,False,False,False,True,True,False,116261.0,41376.0,-74885.0,110921.0,42816.0,-68105.0,0.8853599999999999,-0.7750500000000002,-1.6604100000000002,1.229546049630403
iter=80,3,complete_coloring,k10_color9,perm_seed1731,1,hard_negative,False,False,False,False,True,True,False,116261.0,41376.0,-74885.0,110921.0,42816.0,-68105.0,0.94489,-0.10365,-1.04854,1.8220996376754632
iter=80,3,complete_coloring,k10_color9,perm_seed1731,2,hard_negative,False,False,False,False,True,False,False,116261.0,41376.0,-74885.0,110921.0,42816.0,-68105.0,0.96134,0.5350900000000003,-0.4262499999999997,1.0567108342658278
iter=80,3,php,php_p10_h9,base,0,hard_negative,False,False,False,False,True,True,False,70617.0,18162.0,-52455.0,66968.0,19145.0,-47823.0,0.2212899999999997,-0.3165199999999997,-0.5378099999999995,0.1151881611706016
iter=80,3,php,php_p10_h9,base,1,hard_negative,False,False,False,False,True,True,True,70617.0,18162.0,-52455.0,66968.0,19145.0,-47823.0,0.2323300000000001,-0.3237000000000001,-0.5560300000000002,-0.2945973858827351
iter=80,3,php,php_p10_h9,base,2,hard_negative,False,False,False,False,True,True,False,70617.0,18162.0,-52455.0,66968.0,19145.0,-47823.0,0.1735299999999999,-0.5946600000000002,-0.7681900000000002,0.562847945692182
iter=80,3,php,php_p10_h9,perm_seed1730,0,hard_negative,False,False,False,False,True,True,True,88073.0,85350.0,-2723.0,84647.0,80313.0,-4334.0,0.02936,-0.8525399999999999,-0.8818999999999999,-0.7878313073792458
iter=80,3,php,php_p10_h9,perm_seed1730,1,hard_negative,False,False,False,False,True,True,True,88073.0,85350.0,-2723.0,84647.0,80313.0,-4334.0,0.09443,-0.26437,-0.3588,-1.0907905500119326
iter=80,3,php,php_p10_h9,perm_seed1730,2,hard_negative,False,False,False,False,True,True,True,88073.0,85350.0,-2723.0,84647.0,80313.0,-4334.0,0.08772,-0.5655800000000002,-0.6533000000000002,-0.4116680454145669
iter=80,3,php,php_p10_h9,perm_seed1731,0,hard_negative,False,False,False,False,True,True,False,116261.0,41376.0,-74885.0,110921.0,42816.0,-68105.0,1.0234099999999997,-0.2402800000000002,-1.26369,0.5028474181210401
iter=80,3,php,php_p10_h9,perm_seed1731,1,hard_negative,False,False,False,False,True,False,False,116261.0,41376.0,-74885.0,110921.0,42816.0,-68105.0,0.87479,0.35175,-0.52304,0.2717207497889999
iter=80,3,php,php_p10_h9,perm_seed1731,2,hard_negative,False,False,False,False,True,False,False,116261.0,41376.0,-74885.0,110921.0,42816.0,-68105.0,1.0126700000000004,0.1228199999999999,-0.8898500000000005,1.053349287101268
v1_2_iter15,1,complete_coloring,k10_color9,base,0,hard_negative,True,True,False,False,False,False,False,-87822.0,-87822.0,0.0,-81551.0,-81551.0,0.0,-1.1252,-1.1252,0.0,-0.9233662870179412
v1_2_iter15,1,complete_coloring,k10_color9,base,1,hard_negative,True,True,False,False,False,False,False,-87822.0,-87822.0,0.0,-81551.0,-81551.0,0.0,-1.0915199999999996,-1.0915199999999996,0.0,-0.5092869433967468
v1_2_iter15,1,complete_coloring,k10_color9,base,2,hard_negative,True,True,False,False,False,False,False,-87822.0,-87822.0,0.0,-81551.0,-81551.0,0.0,-0.90578,-0.90578,0.0,-0.5647973756487366
v1_2_iter15,1,complete_coloring,k10_color9,perm_seed1730,0,hard_negative,False,False,False,False,True,False,True,46019.0,46019.0,0.0,45457.0,45457.0,0.0,0.5252700000000003,0.5252700000000003,0.0,-0.2679209970371117
v1_2_iter15,1,complete_coloring,k10_color9,perm_seed1730,1,hard_negative,False,False,False,False,True,False,False,46019.0,46019.0,0.0,45457.0,45457.0,0.0,0.1726100000000006,0.1726100000000006,0.0,0.2512644738308207
v1_2_iter15,1,complete_coloring,k10_color9,perm_seed1730,2,hard_negative,False,False,False,False,True,False,True,46019.0,46019.0,0.0,45457.0,45457.0,0.0,0.4398300000000001,0.4398300000000001,0.0,-0.1389933796194196
v1_2_iter15,1,complete_coloring,k10_color9,perm_seed1731,0,hard_negative,True,True,False,False,False,False,False,-16019.0,-16019.0,0.0,-10993.0,-10993.0,0.0,-0.0155599999999997,-0.0155599999999997,0.0,0.3006320059267287
v1_2_iter15,1,complete_coloring,k10_color9,perm_seed1731,1,hard_negative,True,True,False,False,False,False,False,-16019.0,-16019.0,0.0,-10993.0,-10993.0,0.0,0.2472700000000003,0.2472700000000003,0.0,0.6394776892612581
v1_2_iter15,1,complete_coloring,k10_color9,perm_seed1731,2,hard_negative,True,True,False,False,False,False,False,-16019.0,-16019.0,0.0,-10993.0,-10993.0,0.0,0.09314,0.09314,0.0,0.5688561941329837
v1_2_iter15,1,php,php_p10_h9,base,0,hard_negative,True,True,False,False,False,False,False,-87822.0,-87822.0,0.0,-81551.0,-81551.0,0.0,-1.2816799999999997,-1.2816799999999997,0.0,-0.6733038901245592
v1_2_iter15,1,php,php_p10_h9,base,1,hard_negative,True,True,False,False,False,False,False,-87822.0,-87822.0,0.0,-81551.0,-81551.0,0.0,-1.1314500000000005,-1.1314500000000005,0.0,-1.096593863127112
v1_2_iter15,1,php,php_p10_h9,base,2,hard_negative,True,True,False,False,False,False,False,-87822.0,-87822.0,0.0,-81551.0,-81551.0,0.0,-0.8334700000000002,-0.8334700000000002,0.0,-1.812604995490372
v1_2_iter15,1,php,php_p10_h9,perm_seed1730,0,hard_negative,False,False,False,False,True,False,True,15171.0,15171.0,0.0,14993.0,14993.0,0.0,0.11246,0.11246,0.0,-0.5343244711175554
v1_2_iter15,1,php,php_p10_h9,perm_seed1730,1,hard_negative,False,False,False,False,True,False,True,15171.0,15171.0,0.0,14993.0,14993.0,0.0,0.07599,0.07599,0.0,-0.9786774605825546
v1_2_iter15,1,php,php_p10_h9,perm_seed1730,2,hard_negative,False,False,False,False,True,False,True,15171.0,15171.0,0.0,14993.0,14993.0,0.0,0.0881899999999999,0.0881899999999999,0.0,-1.8295786183896663
v1_2_iter15,1,php,php_p10_h9,perm_seed1731,0,hard_negative,True,True,False,False,False,False,False,-16019.0,-16019.0,0.0,-10993.0,-10993.0,0.0,0.18066,0.18066,0.0,0.5722397582282417
v1_2_iter15,1,php,php_p10_h9,perm_seed1731,1,hard_negative,True,True,False,False,False,False,False,-16019.0,-16019.0,0.0,-10993.0,-10993.0,0.0,-0.6362699999999997,-0.6362699999999997,0.0,0.1588102236045001
v1_2_iter15,1,php,php_p10_h9,perm_seed1731,2,hard_negative,True,True,False,False,False,False,False,-16019.0,-16019.0,0.0,-10993.0,-10993.0,0.0,0.1650100000000001,0.1650100000000001,0.0,-1.4088406093842385
v1_2_iter15,3,complete_coloring,k10_color9,base,0,hard_negative,False,False,False,False,True,False,False,70617.0,70617.0,0.0,66968.0,66968.0,0.0,0.2671399999999999,0.2671399999999999,0.0,0.2467133935967691
v1_2_iter15,3,complete_coloring,k10_color9,base,1,hard_negative,False,False,False,False,True,False,False,70617.0,70617.0,0.0,66968.0,66968.0,0.0,0.2887300000000001,0.2887300000000001,0.0,0.3263550544314384
v1_2_iter15,3,complete_coloring,k10_color9,base,2,hard_negative,False,False,False,False,True,False,False,70617.0,70617.0,0.0,66968.0,66968.0,0.0,0.2426500000000002,0.2426500000000002,0.0,0.2297076583366992
v1_2_iter15,3,complete_coloring,k10_color9,perm_seed1730,0,hard_negative,False,False,False,False,True,False,True,88073.0,88073.0,0.0,84647.0,84647.0,0.0,0.0100999999999999,0.0100999999999999,0.0,-0.9004107552484273
v1_2_iter15,3,complete_coloring,k10_color9,perm_seed1730,1,hard_negative,False,False,False,False,True,True,True,88073.0,88073.0,0.0,84647.0,84647.0,0.0,-0.0243899999999999,-0.0243899999999999,0.0,-0.9285818250042204
v1_2_iter15,3,complete_coloring,k10_color9,perm_seed1730,2,hard_negative,False,False,False,False,True,False,True,88073.0,88073.0,0.0,84647.0,84647.0,0.0,0.0498699999999998,0.0498699999999998,0.0,-0.7561347800022364
v1_2_iter15,3,complete_coloring,k10_color9,perm_seed1731,0,hard_negative,False,False,False,False,True,False,False,116261.0,116261.0,0.0,110921.0,110921.0,0.0,0.8853599999999999,0.8853599999999999,0.0,0.911750837628901
v1_2_iter15,3,complete_coloring,k10_color9,perm_seed1731,1,hard_negative,False,False,False,False,True,False,False,116261.0,116261.0,0.0,110921.0,110921.0,0.0,0.94489,0.94489,0.0,0.8018703826294553
v1_2_iter15,3,complete_coloring,k10_color9,perm_seed1731,2,hard_negative,False,False,False,False,True,False,False,116261.0,116261.0,0.0,110921.0,110921.0,0.0,0.96134,0.96134,0.0,0.823510721797883
v1_2_iter15,3,php,php_p10_h9,base,0,hard_negative,False,False,False,False,True,False,False,70617.0,70617.0,0.0,66968.0,66968.0,0.0,0.2212899999999997,0.2212899999999997,0.0,0.2140581913689372
v1_2_iter15,3,php,php_p10_h9,base,1,hard_negative,False,False,False,False,True,False,False,70617.0,70617.0,0.0,66968.0,66968.0,0.0,0.2323300000000001,0.2323300000000001,0.0,0.2182986454386113
v1_2_iter15,3,php,php_p10_h9,base,2,hard_negative,False,False,False,False,True,False,False,70617.0,70617.0,0.0,66968.0,66968.0,0.0,0.1735299999999999,0.1735299999999999,0.0,0.2235325046055321
v1_2_iter15,3,php,php_p10_h9,perm_seed1730,0,hard_negative,False,False,False,False,True,False,True,88073.0,88073.0,0.0,84647.0,84647.0,0.0,0.02936,0.02936,0.0,-0.7773505557602638
v1_2_iter15,3,php,php_p10_h9,perm_seed1730,1,hard_negative,False,False,False,False,True,False,True,88073.0,88073.0,0.0,84647.0,84647.0,0.0,0.09443,0.09443,0.0,-0.8827691163832547
v1_2_iter15,3,php,php_p10_h9,perm_seed1730,2,hard_negative,False,False,False,False,True,False,True,88073.0,88073.0,0.0,84647.0,84647.0,0.0,0.08772,0.08772,0.0,-0.67960305052042
v1_2_iter15,3,php,php_p10_h9,perm_seed1731,0,hard_negative,False,False,False,False,True,False,False,116261.0,116261.0,0.0,110921.0,110921.0,0.0,1.0234099999999997,1.0234099999999997,0.0,0.9588344396167988
v1_2_iter15,3,php,php_p10_h9,perm_seed1731,1,hard_negative,False,False,False,False,True,False,False,116261.0,116261.0,0.0,110921.0,110921.0,0.0,0.87479,0.87479,0.0,0.917048847247124
v1_2_iter15,3,php,php_p10_h9,perm_seed1731,2,hard_negative,False,False,False,False,True,False,False,116261.0,116261.0,0.0,110921.0,110921.0,0.0,1.0126700000000004,1.0126700000000004,0.0,0.8752744658970837
